{"cameraMode":{"drawMode":0,"name":"Shaded","section":"Shading Mode"},"sceneLighting":false,"audioPlay":false,"sceneViewState":{"showFog":true,"showMaterialUpdate":false,"showSkybox":true,"showFlares":true,"showImageEffects":true,"showParticleSystems":true},"in2DMode":false,"pivot":{"x":-1.1323891878128052,"y":1.4513294696807862,"z":2.43516206741333},"rotation":{"x":0.1398627907037735,"y":-0.4915718138217926,"z":0.08033449947834015,"w":0.8557698130607605},"size":2.033512592315674,"orthographic":false}