{"cameraMode":{"drawMode":0,"name":"Shaded","section":"Shading Mode"},"sceneLighting":false,"audioPlay":false,"sceneViewState":{"showFog":true,"showMaterialUpdate":false,"showSkybox":true,"showFlares":true,"showImageEffects":true,"showParticleSystems":true},"in2DMode":false,"pivot":{"x":4.078474998474121,"y":0.24146050214767457,"z":7.3347883224487309},"rotation":{"x":0.22455808520317079,"y":-0.21795596182346345,"z":0.05160321667790413,"w":0.9483702182769775},"size":1.9675219058990479,"orthographic":false}