{"cameraMode":{"drawMode":0,"name":"Shaded","section":"Shading Mode"},"sceneLighting":false,"audioPlay":false,"sceneViewState":{"showFog":true,"showMaterialUpdate":false,"showSkybox":true,"showFlares":true,"showImageEffects":true,"showParticleSystems":true},"in2DMode":false,"pivot":{"x":-8.942472457885743,"y":0.9100000262260437,"z":9.276907920837403},"rotation":{"x":0.2014314979314804,"y":0.07338476926088333,"z":-0.01513484213501215,"w":0.9766325354576111},"size":2.171992063522339,"orthographic":false}