{"cameraMode":{"drawMode":0,"name":"Shaded","section":"Shading Mode"},"sceneLighting":false,"audioPlay":false,"sceneViewState":{"showFog":true,"showMaterialUpdate":false,"showSkybox":true,"showFlares":true,"showImageEffects":true,"showParticleSystems":true},"in2DMode":false,"pivot":{"x":1.1598732471466065,"y":0.8700000047683716,"z":1.794517159461975},"rotation":{"x":0.2014314979314804,"y":0.07338476926088333,"z":-0.01513484213501215,"w":0.9766325354576111},"size":2.1719915866851808,"orthographic":false}