{"cameraMode":{"drawMode":0,"name":"Shaded","section":"Shading Mode"},"sceneLighting":false,"audioPlay":false,"sceneViewState":{"showFog":true,"showMaterialUpdate":false,"showSkybox":true,"showFlares":true,"showImageEffects":true,"showParticleSystems":true},"in2DMode":false,"pivot":{"x":9.315591812133789,"y":7.437502861022949,"z":13.805227279663086},"rotation":{"x":0.17435459792613984,"y":-0.39892271161079409,"z":0.07754865288734436,"w":0.8969098925590515},"size":12.804391860961914,"orthographic":false}