{"cameraMode":{"drawMode":0,"name":"Shaded","section":"Shading Mode"},"sceneLighting":false,"audioPlay":false,"sceneViewState":{"showFog":true,"showMaterialUpdate":false,"showSkybox":true,"showFlares":true,"showImageEffects":true,"showParticleSystems":true},"in2DMode":false,"pivot":{"x":-0.598109245300293,"y":0.5379695296287537,"z":0.23101425170898438},"rotation":{"x":0.07214133441448212,"y":0.2694414258003235,"z":-0.020250696688890458,"w":0.9600973725318909},"size":23.40298080444336,"orthographic":false}