{"cameraMode":{"drawMode":0,"name":"Shaded","section":"Shading Mode"},"sceneLighting":false,"audioPlay":false,"sceneViewState":{"showFog":true,"showMaterialUpdate":false,"showSkybox":true,"showFlares":true,"showImageEffects":true,"showParticleSystems":true},"in2DMode":false,"pivot":{"x":13.142505645751954,"y":6.610925674438477,"z":14.842440605163575},"rotation":{"x":0.17435459792613984,"y":-0.39892271161079409,"z":0.07754865288734436,"w":0.8969098925590515},"size":6.8606414794921879,"orthographic":false}