{"cameraMode":{"drawMode":0,"name":"Shaded","section":"Shading Mode"},"sceneLighting":false,"audioPlay":false,"sceneViewState":{"showFog":true,"showMaterialUpdate":false,"showSkybox":true,"showFlares":true,"showImageEffects":true,"showParticleSystems":true},"in2DMode":false,"pivot":{"x":-0.42816460132598879,"y":0.7028650045394898,"z":0.4241645336151123},"rotation":{"x":0.17435459792613984,"y":-0.39892271161079409,"z":0.07754865288734436,"w":0.8969098925590515},"size":22.0,"orthographic":false}